row,name,url
6,The Gyro Guys,https://www.thegyroguyz.com/
7,The Kebab Shop,https://thekebabshop.com/
8,The Nines,https://theninesthai.com/
9,Paradise HTX,https://theparadisehtx.com/
10,The Peri Peri Factory,https://theperiperifactory.com/
11,The Smoke,https://thesmokehtx.com/
12,The Wing Boss,https://thewingbosshouston.com/
13,Tiki Tacos,https://tikitacostx.com/
14,Time Pizza,https://timepizzahouston.com/
15,Timmy's Choice,https://timmyschoicehtx.com/
16,Torchy's Tacos,https://torchystacos.com/
17,Tumble 22 Hot Chicken,https://tumble22.com/
18,Uberrito Fresh Mex,https://uberrito.com/
19,Vallarta Tex Mex & Cantina,https://vallartatexmex.com/
20,Walk On's Sports Bistreaux,https://walk-ons.com/
21,Whiskey Cake,https://whiskeycake.com/
22,Wildflower Catering,https://wildflowercatering.com/
23,Willie's Grill & Icehouse,https://williesgrillandicehouse.com/
24,Wings World HTX,https://wingsworldhtx.com/
25,Amore Italian Restaurant,https://www.amorehouston.com/
26,Another Broken Egg Cafe,https://www.anotherbrokenegg.com/
27,Athena's Greek & European Kitchen,https://www.athenasgreekkitchen.com/
28,Au Bon Pain - MED,https://www.aubonpain.com/
29,Be Bowld,https://www.bebowld.com/
30,Best Bagel Shop,https://www.bestbagelshophouston.com/
31,Big T's Smokehouse,https://www.bigtssmokehouse.com/
32,Bijan Persian Grill,https://www.bijanpersiangrill.com/
33,Birraporetti's - Downtown,https://www.birraporettis.com/
34,BJ's Restaurant & Brewhouse,https://www.bjsrestaurants.com/
35,Blaze Pizza,https://www.blazepizza.com/
36,Blue Moon Deli,https://www.bluemoondeli.com/
37,Blu Fin Sushi Fusion,https://www.blufinsushifusion.com/
38,Boba Smoothies,https://www.bobasmoothieshouston.com/
39,Bocca Italian Kitchen,https://www.boccahtx.com/
40,Bodard Bistro,https://www.bodardbistrotx.com/
41,Narin's Bombay Brasserie,https://www.bombaybrasseriehouston.com/
42,Bonsai Hibachi & Sushi,https://www.bonsaihibachisushi.com/
43,Boot Texan Kitchen,https://www.boottexankitchen.com/
44,Boulevard Bagel,https://www.boulevardbagels.com/
45,Bowl'd Masala,https://www.bowldmasala.com/
46,Bravos Mexican Restaurant,https://www.bravosmexicanrestaurant.net/
47,Breeze Cafe & Grill,https://www.breezecafegrill.com/
48,Brenner's On The Bayou,https://www.brennersonthebayou.com/
49,Brenner's Steakhouse,https://www.brennerssteakhouse.com/
50,Brick House Tavern + Tap,https://www.brickhousetavernandtap.com/
51,Brightside Coffee Bar,https://www.brightsidecoffeebar.com/
52,Brisket Bar BQ,https://www.brisketbarbq.com/
53,Brooklyn Pizzeria,https://www.brooklynpizzeria.com/
54,Buffalo Wild Wings GO,https://www.buffalowildwings.com/
55,Build a Pizza,https://www.buildapizza.com/
56,Burger Atlas,https://www.burgeratlas.com/
57,Burger Vibe,https://www.burgervibe.com/
58,Buttermilk Sky Pie Shop,https://www.buttermilkskypie.com/
59,Cafe Adel,https://www.cafeadelhouston.com/
60,Cafe Caspian,https://www.cafecaspian.com/
61,Cafe Ginger,https://www.cafeginger.com/
62,Cafe Lili,https://www.cafelili.com/
63,Caliente,https://www.calientetexmex.com/
64,Caliente,https://www.calientetexmex.com/
65,Carrabba's Italian Grill,https://www.carrabbas.com/
66,Carrabba's The Original,https://www.carrabbas.com/
67,Casa Reyna,https://www.casareynatacos.com/
68,Cassidy's Mesquite Kitchen,https://www.cassidysmesquitekitchen.com/
69,Catering By George,https://www.cateringbygeorge.com/
70,Catfish Station,https://www.catfishstation.com/
71,Central Texas Bar-B-Q,https://www.centraltexasbarbq.com/
72,Chang Yai Thai Noodle & Cafe,https://www.changyaithainoodlecafe.com/
73,Charleys Cheesesteaks and Wings,https://www.charleys.com/
74,Chicha San Chen,https://www.chichasanchen.com/
75,Chick Chick Boom,https://www.chickchickboom.com/
76,Chick Houz,https://www.chickhouz.com/
77,Chimac,https://www.chimachouston.com/
78,Chip Cookies,https://www.chipcookies.co/
79,Chopan Kabob House,https://www.chopankabobhouse.com/
80,ChopnBlok,https://www.chopnblok.co/
81,Chrispea Catering,https://www.chrispeacatering.com/
82,Church's Texas Chicken,https://www.churchstexaschicken.com/
83,Cinnabon,https://www.cinnabon.com/
84,Cinnaholic,https://www.cinnaholic.com/
85,Nikoz Fusion Grill,https://www.cityof.com/tx/houston/nikoz-fusion-grill-2703371
86,City View Catering,https://www.cityviewcatering.com/
87,Clean Juice,https://www.cleanjuice.com/
88,Common Bond Cafe - Medical Center,https://www.commonbondcafe.com/
89,Coppa,https://www.coppasouthbrentwood.com/
90,Corporate Caterers,https://www.corporatecaterers.com/
91,Cosmo Cafe,https://www.cosmocafehouston.com/
92,Cowboys & Indians,https://www.cowboysandindianshouston.com/
93,Cracker Barrel,https://www.crackerbarrel.com/
94,Craft Pita - West University,https://www.craftpita.com/
95,Crawfish & Noodles,https://www.crawfishandnoodles.com/
96,Crawfish Cafe + Pho Prime,https://www.crawfishcafe.com/
97,Crazy Chick Shawarma,https://www.crazychickshawarma.com/
98,Creole Kitchen & Daiquiris,https://www.creolekitchenanddaiquirishouston.com/
99,Crust Pizza - Heights,https://www.crustpizzaco.com/
100,CupBop - Pasadena,https://www.cupbop.com/
101,Cupbop Korean BBQ,https://www.cupbop.com/
102,CVCHÉ,https://www.cvche.com/
103,Daily Gather,https://www.dailygather.com/
104,Daily Grill,https://www.dailygrill.com/
105,Dairy Queen,https://www.dairyqueen.com/
106,Del Frisco's Double Eagle Steak House,https://www.delfriscos.com/
107,Desi District,https://www.desidistrict.com/
108,Dessert Gallery,https://www.dessertgallery.com/
109,Dickey's Barbecue Pit,https://www.dickeys.com/
110,DINE Catering and Events,https://www.dinecateringandevents.com/
111,Dip'd,https://www.dipdberries.com/
112,Dumar's Mediterranean Grill,https://www.dumarsgrill.com/
113,Eden Green Deli,https://www.edengreendeli.com/
114,El Pollo Loco,https://www.elpolloloco.com/
115,El Tapatio Taqueria,https://www.eltapatiotaqueriatx.com/
