row,name,url,phone,email,facebook,instagram,linkedin
6,The Gyro Guys,https://www.thegyroguyz.com/,,,,,
7,The Kebab Shop,https://thekebabshop.com/,,,https://www.facebook.com/TKSthekebabshop/,http://instagram.com/tks_thekebabshop,
8,The Nines,https://theninesthai.com/,"(281)-302-5497, +12813025497",,https://www.facebook.com/110407971738064,https://www.instagram.com/theninesthai.sugarland,
9,Paradise HTX,https://theparadisehtx.com/,"281.783.6661, 2817836661",theparadisehtx@gmail.com,,https://www.instagram.com/Paradisehtx_,
10,The Peri Peri Factory,https://theperiperifactory.com/,+1-832-740-4922,contact@theperiperifactory.com,https://web.facebook.com/theperiperifactory/,https://www.instagram.com/theperiperifactory/,
11,The Smoke,https://thesmokehtx.com/,,,,,
12,The Wing Boss,https://thewingbosshouston.com/,,,,,
13,Tiki Tacos,https://tikitacostx.com/,,,,,
14,Time Pizza,https://timepizzahouston.com/,"(281) 501-3669, +1 281 501 3669, +1281 501 3669, +12815013669","info@timepizza.com, info@timepizzahouston.com",https://www.facebook.com/TimePizzaHouston/,,
15,Timmy's Choice,https://timmyschoicehtx.com/,,,,,
16,Torchy's Tacos,https://torchystacos.com/,,,,,
17,Tumble 22 Hot Chicken,https://tumble22.com/,"(281) 500-9190, 281-547-6300, 512-201-4333, 512-433-6006, 512-520-1998, 512-547-6411, 512-920-6777, 512-953-8482, 832-675-9100",,https://www.facebook.com/tumble22hotchicken/,https://www.instagram.com/tumble22hotchx/,
18,Uberrito Fresh Mex,https://uberrito.com/,,,https://www.facebook.com/Uberrito/,https://www.instagram.com/uberrito/,
19,Vallarta Tex Mex & Cantina,https://vallartatexmex.com/,13464408177,,https://www.facebook.com/profile.php?id=61572960680520,https://www.instagram.com/vallarta_tex_mex/,
20,Walk On's Sports Bistreaux,https://walk-ons.com/,,,https://www.facebook.com/walkonssportsbistreaux,https://www.instagram.com/walkons,https://www.linkedin.com/company/walk-on's-bistreaux-&-bar
21,Whiskey Cake,https://whiskeycake.com/,"(210) 236-8095, (346) 209-5577, (469) 941-2253, (813) 535-9955, (832) 430-2253, (832) 558-2253, (972) 993-2253, 1 (737) 243-1330, 281-729-8333, 817-289-3691, 904-990-5940",,https://www.facebook.com/whiskeycakestafford,https://www.instagram.com/whiskeycake/,
22,Wildflower Catering,https://wildflowercatering.com/,,,,,
23,Willie's Grill & Icehouse,https://williesgrillandicehouse.com/,,,,,
24,Wings World HTX,https://wingsworldhtx.com/,,,,,
25,Amore Italian Restaurant,https://www.amorehouston.com/,(713) 485-0033,,,https://www.instagram.com/amore_houston/,
26,Another Broken Egg Cafe,https://www.anotherbrokenegg.com/,,,https://www.facebook.com/AnotherBrokenEgg/,https://www.instagram.com/anotherbrokenegg/,https://www.linkedin.com/company/another-broken-egg-cafe
27,Athena's Greek & European Kitchen,https://www.athenasgreekkitchen.com/,"(832) 328-5494, 8323285494",,https://www.facebook.com/athenasgreekandeuropean,https://www.instagram.com/athenasgreekkitchen/,
28,Au Bon Pain - MED,https://www.aubonpain.com/,,,,,
29,Be Bowld,https://www.bebowld.com/,,,,,
30,Best Bagel Shop,https://www.bestbagelshophouston.com/,,,,,
31,Big T's Smokehouse,https://www.bigtssmokehouse.com/,,,,,
32,Bijan Persian Grill,https://www.bijanpersiangrill.com/,,,,,
33,Birraporetti's - Downtown,https://www.birraporettis.com/,,,,,
34,BJ's Restaurant & Brewhouse,https://www.bjsrestaurants.com/,,,,,
35,Blaze Pizza,https://www.blazepizza.com/,,,,,
36,Blue Moon Deli,https://www.bluemoondeli.com/,,,,,
37,Blu Fin Sushi Fusion,https://www.blufinsushifusion.com/,,,,,
38,Boba Smoothies,https://www.bobasmoothieshouston.com/,,,,,
39,Bocca Italian Kitchen,https://www.boccahtx.com/,"(281) 741-0203, +1-281-741-0203, +12817410203, 12817410203",info@boccalupohtx.com,https://www.facebook.com/boccahtx,https://www.instagram.com/boccahtx/,
40,Bodard Bistro,https://www.bodardbistrotx.com/,,,,,
41,Narin's Bombay Brasserie,https://www.bombaybrasseriehouston.com/,,,,,
42,Bonsai Hibachi & Sushi,https://www.bonsaihibachisushi.com/,,,,,
43,Boot Texan Kitchen,https://www.boottexankitchen.com/,346-399-3193,info@boottexankitchen.com,https://www.facebook.com/bootTexankitchen/,https://www.instagram.com/boot_texan_kitchen?igshid=NTc4MTIwNjQ2YQ%3D%3D,
44,Boulevard Bagel,https://www.boulevardbagels.com/,,,,,
45,Bowl'd Masala,https://www.bowldmasala.com/,"(929)-261-2124, +12817840251, +13034727779, +13468671161, +16097216984, +17327899872, +19292612124, 281-784-0251, 303-472-7779, 346-867-1161, 609-721-6984, 732-789-9872, 9292612124","bm.richmond.texas@bowldmasala.com, bowldmasalachancery@gmail.com, denver@bowldmasala.com, kpgshospllc@gmail.com, memorialmall@bowldmasala.com, pankaj26dec@gmail.com, pankaj@bowldmasala.com, suresh.kalwar@bowldmasala.com","https://www.facebook.com/639108012623200, https://www.facebook.com/BowldMasala, https://www.facebook.com/bowldmasalamemorialcitymall#, https://www.facebook.com/profile.php?id=61581908137781, https://www.facebook.com/profile.php?id=61583530935455","https://www.instagram.com/bowld.masala.gfh.philly.pa/, https://www.instagram.com/bowld_masala/, https://www.instagram.com/bowldmasala, https://www.instagram.com/bowldmasala.richmond.texas/, https://www.instagram.com/bowldmasala/",
46,Bravos Mexican Restaurant,https://www.bravosmexicanrestaurant.net/,,,,,
47,Breeze Cafe & Grill,https://www.breezecafegrill.com/,,,,,
48,Brenner's On The Bayou,https://www.brennersonthebayou.com/,,,,,
49,Brenner's Steakhouse,https://www.brennerssteakhouse.com/,"(713) 465-2901, (726) 215-8703",,"https://www.facebook.com/BrennersSteak, https://www.facebook.com/brennersontheriverwalk","https://www.instagram.com/brennersontheriverwalk/, https://www.instagram.com/brennerssteakhouse/",
50,Brick House Tavern + Tap,https://www.brickhousetavernandtap.com/,,,https://www.facebook.com/brickhousetavernandtap,https://www.instagram.com/brickhousett/,
51,Brightside Coffee Bar,https://www.brightsidecoffeebar.com/,3144511350,info@brightsidecoffeebar.com,"https://www.facebook.com/brightsidecoffeehtx/, https://www.facebook.com/webflow/",https://www.instagram.com/brightsidecoffeehtx/,
52,Brisket Bar BQ,https://www.brisketbarbq.com/,"713-660-0778, 713-660-7011, 832-594-7296",info@brisketbarbq.com,http://www.facebook.com/BrisketBarBQ,,
53,Brooklyn Pizzeria,https://www.brooklynpizzeria.com/,,,,,
54,Buffalo Wild Wings GO,https://www.buffalowildwings.com/,,,,,
55,Build a Pizza,https://www.buildapizza.com/,,,,,
56,Burger Atlas,https://www.burgeratlas.com/,,,,,
57,Burger Vibe,https://www.burgervibe.com/,"(713) 864-0000, +17138640000, 713-864-0000, 7138640000",contact@lavitacoffee.com,https://facebook.com/lavitacoffeeusa/,https://instagram.com/lavitacoffeehtx/,
58,Buttermilk Sky Pie Shop,https://www.buttermilkskypie.com/,"(337) 235-4442, (346) 483-3010, (423) 491-8163, (432) 218-8782, (682) 707-5675, (817) 581-7437, (817) 592-3149, (817) 617-2046, (864) 203-3370, (865) 330-3694, (865) 966-5900, (972) 564-8003, +1111111111, +12107217743, +13372354442, +14234918163, +14322188782, +14693123044, +16827075675, +17049978441, +18175817437, +18175923149, +18176172046, +18653303694, +18659665900, +19725648003, 1 (210) 721-7743, 469-312-3044, 704-997-8441",,https://www.facebook.com/buttermilkskypieshop,https://www.instagram.com/buttermilkskypieshop,
59,Cafe Adel,https://www.cafeadelhouston.com/,,,,,
60,Cafe Caspian,https://www.cafecaspian.com/,,,,,
61,Cafe Ginger,https://www.cafeginger.com/,,,,,
62,Cafe Lili,https://www.cafelili.com/,"(713) 952 - 6969, 7139526969",,https://www.facebook.com/pg/Cafe-Lili-Lebanese-Grill-129216447109878/photos/?tab=album&album_id=593618354003016,,
63,Caliente,https://www.calientetexmex.com/,"(713)-464-1601, +17134641601",calienterestaurants@gmail.com,https://www.facebook.com/1560062987603575,https://www.instagram.com/calientetex,
64,Caliente,https://www.calientetexmex.com/,"(713)-464-1601, +17134641601",calienterestaurants@gmail.com,https://www.facebook.com/1560062987603575,https://www.instagram.com/calientetex,
65,Carrabba's Italian Grill,https://www.carrabbas.com/,,,,,
66,Carrabba's The Original,https://www.carrabbas.com/,,,,,
67,Casa Reyna,https://www.casareynatacos.com/,,,,,
68,Cassidy's Mesquite Kitchen,https://www.cassidysmesquitekitchen.com/,,,,,
69,Catering By George,https://www.cateringbygeorge.com/,"+17132579898, 713.257.9898",yummy@cateringbygeorge.com,,,
70,Catfish Station,https://www.catfishstation.com/,,,,,
71,Central Texas Bar-B-Q,https://www.centraltexasbarbq.com/,,,,,
72,Chang Yai Thai Noodle & Cafe,https://www.changyaithainoodlecafe.com/,,,,,
73,Charleys Cheesesteaks and Wings,https://www.charleys.com/,,,https://www.facebook.com/CharleysCheesesteaks/,https://www.instagram.com/charleyscheesesteaks/,
74,Chicha San Chen,https://www.chichasanchen.com/,,"chichasanchen.com@teashop168.com.tw, chichasanchen.global@teashop168.com.tw",https://www.facebook.com/chichasanchen.TW/,https://www.instagram.com/chichasanchen.tw/,
75,Chick Chick Boom,https://www.chickchickboom.com/,,,,,
76,Chick Houz,https://www.chickhouz.com/,"(281)-205-7671, (832) 321-5726, (832)-672-6953, 2812057671, 8323215726, 8326726953",info@chickhouz.com,https://www.facebook.com/pages/category/Restaurant/CHICK-HOUZ-107043954162102/,"https://www.instagram.com/chickhouz/, https://www.instagram.com/explore/tags/2600/",
77,Chimac,https://www.chimachouston.com/,,,,,
78,Chip Cookies,https://www.chipcookies.co/,"208-207-7194, 208-639-2447, 239-405-8169, 346-635-2039, 385-210-0277, 385-225-9888, 385-344-4022, 385-429-4018, 424-542-7160, 435-731-4170, 469-298-3711, 702-721-9633, 801-432-8483, 801-899-0996, 832-437-2777, 916 800 9367, 916-812-8443, 925-289-9351, 925-489-5201, 925-819-7855, 949-484-4232",,https://www.facebook.com/chipcookiesco,https://www.instagram.com/chipcookiesco,
79,Chopan Kabob House,https://www.chopankabobhouse.com/,,,,,
80,ChopnBlok,https://www.chopnblok.co/,"(832) 962-4500, 1 (281) 631-5009, 2816315009",thebrain@chopnblok.co,http://facebook.com/chopnblok.co/,https://www.instagram.com/chopnblok_/,
81,Chrispea Catering,https://www.chrispeacatering.com/,,,,,
82,Church's Texas Chicken,https://www.churchstexaschicken.com/,,,,,
83,Cinnabon,https://www.cinnabon.com/,,,,,
84,Cinnaholic,https://www.cinnaholic.com/,833-246-3726,contact@cinnaholic.com,https://www.facebook.com/Cinnaholic,http://instagram.com/cinnaholic,
85,Nikoz Fusion Grill,https://www.cityof.com/tx/houston/nikoz-fusion-grill-2703371,"(281) 313-0325, (281) 568-5115, (361) 883-4440, (713) 520-5959, (713) 807-8857, (888) 785-0500, (979) 532-2710",staff@cityof.com,https://www.facebook.com/CityOfcom,,https://www.linkedin.com/company/cityof-com
86,City View Catering,https://www.cityviewcatering.com/,(713) 223-9191,,https://www.facebook.com/CityViewCatering/,"https://www.instagram.com/cityviewcatering/, https://www.instagram.com/cityviewcatering/ target=",
87,Clean Juice,https://www.cleanjuice.com/,,,,,
88,Common Bond Cafe - Medical Center,https://www.commonbondcafe.com/,"(281) 888-2906, (281) 975-2300, (346) 327-8393, (346) 646-6586, (713) 343-2255, (713) 357-9397, (713) 529-3535, (713) 880-3550, (832) 668-5595, 7133432255",social@commonbondcafe.com,https://www.facebook.com/commonbondbistroandbakery,https://www.instagram.com/commonbondbistroandbakery/,https://www.linkedin.com/company/common-bond-bistro-bakery/
89,Coppa,https://www.coppasouthbrentwood.com/,,,,,
90,Corporate Caterers,https://www.corporatecaterers.com/,"(305) 223-1230, (888) 423-1230",,https://www.facebook.com/CorpCaterers/,https://www.instagram.com/corpcaterers/,https://www.linkedin.com/company/corporate-caterers/
91,Cosmo Cafe,https://www.cosmocafehouston.com/,,,,,
92,Cowboys & Indians,https://www.cowboysandindianshouston.com/,,,,,
93,Cracker Barrel,https://www.crackerbarrel.com/,,,,,
94,Craft Pita - West University,https://www.craftpita.com/,"(832) 576-0384, (832) 767-1725, (832) 804-9056",info@craftpita.com,https://www.facebook.com/CraftPita/,"https://www.instagram.com/craftpita/, https://www.instagram.com/p/DW1ZjXQkdr9/, https://www.instagram.com/p/DW391mDERTn/, https://www.instagram.com/p/DWyyrgXDTfw/",https://www.linkedin.com/company/craft-pita/
95,Crawfish & Noodles,https://www.crawfishandnoodles.com/,(281) 988-8098,chao@crawfishandnoodles.com,https://www.facebook.com/crawfishandnoodles/,https://www.instagram.com/crawfishandnoodles/,
96,Crawfish Cafe + Pho Prime,https://www.crawfishcafe.com/,"(281) 575-1746, (281) 758-5255, (832) 649-7102, (936) 224-7651, 346-439-5019","catering@crawfishcafe.com, contact@crawfishcafe.com, marketing@crawfishcafe.com, media@crawfishcafe.com","https://www.facebook.com/crawfishcafe/, https://www.facebook.com/crawfishcafealief, https://www.facebook.com/crawfishcafecypress, https://www.facebook.com/crawfishcafeheights, https://www.facebook.com/crawfishcafeshenandoah, https://www.facebook.com/profile.php?id=61558594667691","https://www.instagram.com/crawfishcafe/, https://www.instagram.com/crawfishcafealief/",
97,Crazy Chick Shawarma,https://www.crazychickshawarma.com/,,,,,
98,Creole Kitchen & Daiquiris,https://www.creolekitchenanddaiquirishouston.com/,,,,,
99,Crust Pizza - Heights,https://www.crustpizzaco.com/,,,,,
100,CupBop - Pasadena,https://www.cupbop.com/,,,,,
101,Cupbop Korean BBQ,https://www.cupbop.com/,,,,,
102,CVCHÉ,https://www.cvche.com/,,,,,
103,Daily Gather,https://www.dailygather.com/,713.429.0451,hello@dailygather.com,https://www.facebook.com/dailygather,https://www.instagram.com/dailygather/,
104,Daily Grill,https://www.dailygrill.com/,,,,,
105,Dairy Queen,https://www.dairyqueen.com/,,,,,
106,Del Frisco's Double Eagle Steak House,https://www.delfriscos.com/,,,https://www.facebook.com/DelFrisco/,https://www.instagram.com/del.friscos/,
107,Desi District,https://www.desidistrict.com/,,,https://www.facebook.com/desidistricteatery,https://www.instagram.com/desi.district/,
108,Dessert Gallery,https://www.dessertgallery.com/,"713.386.6199, 713.522.9999, 713.960.4400, 7139604400",,https://www.facebook.com/DessertGallery,https://www.instagram.com/dessertgallerybakery/,https://www.linkedin.com/company/dessert-gallery-bakery-&-cafe/mycompany/
109,Dickey's Barbecue Pit,https://www.dickeys.com/,"+1-866-227-2328, +18662272328, 1-866-227-2328",,https://www.facebook.com/dickeysbarbecuepit/,https://www.instagram.com/dickeysbarbecuepit,
110,DINE Catering and Events,https://www.dinecateringandevents.com/,(832) 560-5145,info@dinecateringandevents.com,https://www.facebook.com/dinecateringandevents/,http://www.instagram.com/dinecateringandevents,
111,Dip'd,https://www.dipdberries.com/,,,,,
112,Dumar's Mediterranean Grill,https://www.dumarsgrill.com/,"(281)-313-1893, +12813131893",dumarmed@yahoo.com,https://www.facebook.com/100883766622580,https://www.instagram.com/dumarsmedgrill,
113,Eden Green Deli,https://www.edengreendeli.com/,,,,,
114,El Pollo Loco,https://www.elpolloloco.com/,877-375-4968,,,,
115,El Tapatio Taqueria,https://www.eltapatiotaqueriatx.com/,,,,,
